paises;quantidade;valor;ano
Afeganistão;-;-;2008
África do Sul;-;-;2008
Alemanha, República Democrática;265.742;429.970;2008
Angola;25.721;71.083;2008
Anguilla;-;-;2008
Antígua e Barbuda;-;-;2008
Antilhas Holandesas;17.938;22.908;2008
Argentina;-;-;2008
Aruba;-;-;2008
Austrália;218.726;99.280;2008
Áustria;-;-;2008
Bahamas;-;-;2008
Bangladesh;-;-;2008
Barbados;-;-;2008
Barein;-;-;2008
Bélgica;3.523;12.969;2008
Belice;-;-;2008
Benin;10.350;17.423;2008
Bolívia;3.979;3.990;2008
Bósnia-Herzegovina;-;-;2008
Brasil;-;-;2008
Bulgária;-;-;2008
Cabo Verde;-;-;2008
Camarões;-;-;2008
Canadá;20.949;80.476;2008
Catar;-;-;2008
Cayman, Ilhas;-;-;2008
Chile;-;-;2008
China;8.689;25.926;2008
Chipre;-;-;2008
Cingapura;1.233;4.699;2008
Cocos (Keeling), Ilhas;-;-;2008
Colômbia;-;-;2008
Comores;-;-;2008
Congo;-;-;2008
Coreia, Republica Sul;3.520;14.366;2008
Costa do Marfim;-;-;2008
Costa Rica;55;200;2008
Croácia;-;-;2008
Cuba;-;-;2008
Curaçao;-;-;2008
Dinamarca;518;15.905;2008
Dominica;-;-;2008
El Salvador;-;-;2008
Emirados Arabes Unidos;2.437;12.298;2008
Equador;-;-;2008
Eslovaca, Republica;585;16.063;2008
Espanha;2.942;6.834;2008
Estados Unidos;443.895;804.607;2008
Estônia;4.114;9.730;2008
Filipinas;-;-;2008
Finlândia;-;-;2008
França;11.078;27.500;2008
Gana;18.168;25.642;2008
Gibraltar;-;-;2008
Granada;-;-;2008
Grécia;-;-;2008
Guatemala;-;-;2008
Guiana;-;-;2008
Guiana Francesa;-;-;2008
Guine Bissau;-;-;2008
Guine Equatorial;548;1.417;2008
Haiti;20;20;2008
Honduras;162;580;2008
Hong Kong;2.430;13.460;2008
Hungria;-;-;2008
Ilha de Man;-;-;2008
Ilhas Virgens;-;-;2008
India;-;-;2008
Indonésia;-;-;2008
Irã;-;-;2008
Iraque;-;-;2008
Irlanda;-;-;2008
Itália;-;-;2008
Jamaica;-;-;2008
Japão;232.293;178.333;2008
Jordânia;-;-;2008
Letônia;-;-;2008
Líbano;-;-;2008
Libéria;-;-;2008
Luxemburgo;13.606;42.341;2008
Malásia;-;-;2008
Malta;-;-;2008
Marshall, Ilhas;-;-;2008
Mauritânia;-;-;2008
México;-;-;2008
Moçambique;-;-;2008
Montenegro;-;-;2008
Namibia;340;722;2008
Nicaragua;-;-;2008
Nigéria;7.560;10.920;2008
Noruega;-;-;2008
Nova Caledônia;-;-;2008
Nova Zelândia;-;-;2008
Omã;-;-;2008
Países Baixos;340.412;783.635;2008
Panamá;1.161;1.882;2008
Paraguai;2.191.901;1.374.088;2008
Peru;-;-;2008
Polônia;20.290;58.353;2008
Porto Rico;-;-;2008
Portugal;49.090;48.942;2008
Quênia;-;-;2008
Reino Unido;100.097;155.076;2008
República Dominicana;-;-;2008
Rússia;6.207.658;2.352.768;2008
São Tomé e Príncipe;-;-;2008
São Vicente e Granadinas;-;-;2008
Senegal;-;-;2008
Serra Leoa;-;-;2008
Singapura;-;-;2008
Suazilândia;-;-;2008
Suécia;26.984;84.564;2008
Suíça;54.384;216.317;2008
Suriname;900;1.625;2008
Tailândia;-;-;2008
Taiwan (FORMOSA);10.030;18.679;2008
Tanzânia;-;-;2008
Tcheca, República;17.135;64.709;2008
Togo;5.160;7.800;2008
Trinidade Tobago;-;-;2008
Tunísia;-;-;2008
Turquia;-;-;2008
Tuvalu;-;-;2008
Uruguai;-;-;2008
Vanuatu;-;-;2008
Venezuela;-;-;2008
Vietnã;-;-;2008
Total;10.346.323;7.118.100;2008
Afeganistão;-;-;2009
África do Sul;-;-;2009
Alemanha, República Democrática;225.086;393.482;2009
Angola;54.786;84.235;2009
Anguilla;-;-;2009
Antígua e Barbuda;-;-;2009
Antilhas Holandesas;8.235;10.651;2009
Argentina;162;4.523;2009
Aruba;-;-;2009
Austrália;1.014;9.195;2009
Áustria;-;-;2009
Bahamas;-;-;2009
Bangladesh;-;-;2009
Barbados;-;-;2009
Barein;-;-;2009
Bélgica;125.962;58.764;2009
Belice;-;-;2009
Benin;-;-;2009
Bolívia;40.463;20.729;2009
Bósnia-Herzegovina;-;-;2009
Brasil;-;-;2009
Bulgária;-;-;2009
Cabo Verde;-;-;2009
Camarões;-;-;2009
Canadá;15.664;73.445;2009
Catar;-;-;2009
Cayman, Ilhas;-;-;2009
Chile;1.475;4.297;2009
China;1.553.416;482.400;2009
Chipre;-;-;2009
Cingapura;2.419;6.110;2009
Cocos (Keeling), Ilhas;-;-;2009
Colômbia;-;-;2009
Comores;-;-;2009
Congo;-;-;2009
Coreia, Republica Sul;-;-;2009
Costa do Marfim;-;-;2009
Costa Rica;-;-;2009
Croácia;-;-;2009
Cuba;-;-;2009
Curaçao;-;-;2009
Dinamarca;1.980;21.780;2009
Dominica;-;-;2009
El Salvador;55;100;2009
Emirados Arabes Unidos;1.398;4.032;2009
Equador;-;-;2009
Eslovaca, Republica;-;-;2009
Espanha;2.181;4.050;2009
Estados Unidos;372.319;660.066;2009
Estônia;5.438;10.802;2009
Filipinas;-;-;2009
Finlândia;-;-;2009
França;-;-;2009
Gana;-;-;2009
Gibraltar;-;-;2009
Granada;-;-;2009
Grécia;-;-;2009
Guatemala;20;20;2009
Guiana;-;-;2009
Guiana Francesa;-;-;2009
Guine Bissau;-;-;2009
Guine Equatorial;169;272;2009
Haiti;4.500;5.863;2009
Honduras;14;30;2009
Hong Kong;50.319;27.188;2009
Hungria;-;-;2009
Ilha de Man;-;-;2009
Ilhas Virgens;-;-;2009
India;-;-;2009
Indonésia;-;-;2009
Irã;-;-;2009
Iraque;-;-;2009
Irlanda;-;-;2009
Itália;1.817;5.251;2009
Jamaica;-;-;2009
Japão;217.974;283.436;2009
Jordânia;-;-;2009
Letônia;-;-;2009
Líbano;-;-;2009
Libéria;-;-;2009
Luxemburgo;7.845;42.124;2009
Malásia;-;-;2009
Malta;-;-;2009
Marshall, Ilhas;-;-;2009
Mauritânia;-;-;2009
México;-;-;2009
Moçambique;-;-;2009
Montenegro;-;-;2009
Namibia;-;-;2009
Nicaragua;24;24;2009
Nigéria;41;115;2009
Noruega;-;-;2009
Nova Caledônia;-;-;2009
Nova Zelândia;-;-;2009
Omã;-;-;2009
Países Baixos;171.654;136.991;2009
Panamá;24;30;2009
Paraguai;486.927;392.087;2009
Peru;-;-;2009
Polônia;6.982;35.797;2009
Porto Rico;-;-;2009
Portugal;141.000;168.923;2009
Quênia;-;-;2009
Reino Unido;30.092;68.788;2009
República Dominicana;-;-;2009
Rússia;21.912.914;5.732.280;2009
São Tomé e Príncipe;-;-;2009
São Vicente e Granadinas;-;-;2009
Senegal;-;-;2009
Serra Leoa;-;-;2009
Singapura;-;-;2009
Suazilândia;-;-;2009
Suécia;28.334;52.826;2009
Suíça;27.653;81.319;2009
Suriname;3.830;12.918;2009
Tailândia;-;-;2009
Taiwan (FORMOSA);-;-;2009
Tanzânia;-;-;2009
Tcheca, República;9.269;43.902;2009
Togo;-;-;2009
Trinidade Tobago;-;-;2009
Tunísia;-;-;2009
Turquia;-;-;2009
Tuvalu;-;-;2009
Uruguai;-;-;2009
Vanuatu;-;-;2009
Venezuela;-;-;2009
Vietnã;743;2.143;2009
Total;25.514.198;8.940.988;2009
Afeganistão;-;-;2010
África do Sul;-;-;2010
Alemanha, República Democrática;27.715;138.666;2010
Angola;33.557;189.891;2010
Anguilla;-;-;2010
Antígua e Barbuda;-;-;2010
Antilhas Holandesas;9.810;12.808;2010
Argentina;-;-;2010
Aruba;-;-;2010
Austrália;1.823;17.960;2010
Áustria;-;-;2010
Bahamas;3.175;12.759;2010
Bangladesh;-;-;2010
Barbados;-;-;2010
Barein;-;-;2010
Bélgica;42.532;185.411;2010
Belice;-;-;2010
Benin;-;-;2010
Bolívia;54;282;2010
Bósnia-Herzegovina;-;-;2010
Brasil;-;-;2010
Bulgária;-;-;2010
Cabo Verde;11.991;49.366;2010
Camarões;-;-;2010
Canadá;-;-;2010
Catar;-;-;2010
Cayman, Ilhas;-;-;2010
Chile;-;-;2010
China;795;2.358;2010
Chipre;-;-;2010
Cingapura;1.533;5.504;2010
Cocos (Keeling), Ilhas;-;-;2010
Colômbia;-;-;2010
Comores;-;-;2010
Congo;-;-;2010
Coreia, Republica Sul;-;-;2010
Costa do Marfim;-;-;2010
Costa Rica;-;-;2010
Croácia;-;-;2010
Cuba;-;-;2010
Curaçao;-;-;2010
Dinamarca;7.034;69.161;2010
Dominica;-;-;2010
El Salvador;-;-;2010
Emirados Arabes Unidos;1.035;3.206;2010
Equador;-;-;2010
Eslovaca, Republica;-;-;2010
Espanha;-;-;2010
Estados Unidos;228.968;478.630;2010
Estônia;15.848;40.778;2010
Filipinas;-;-;2010
Finlândia;-;-;2010
França;3.614;18.904;2010
Gana;-;-;2010
Gibraltar;-;-;2010
Granada;-;-;2010
Grécia;-;-;2010
Guatemala;-;-;2010
Guiana;783;3.654;2010
Guiana Francesa;-;-;2010
Guine Bissau;-;-;2010
Guine Equatorial;410;1.015;2010
Haiti;2.700;3.750;2010
Honduras;-;-;2010
Hong Kong;-;-;2010
Hungria;540;4.103;2010
Ilha de Man;-;-;2010
Ilhas Virgens;-;-;2010
India;-;-;2010
Indonésia;-;-;2010
Irã;-;-;2010
Iraque;-;-;2010
Irlanda;3.969;42.795;2010
Itália;1.458;4.828;2010
Jamaica;-;-;2010
Japão;112.178;74.628;2010
Jordânia;-;-;2010
Letônia;-;-;2010
Líbano;-;-;2010
Libéria;-;-;2010
Luxemburgo;7.344;32.549;2010
Malásia;-;-;2010
Malta;-;-;2010
Marshall, Ilhas;-;-;2010
Mauritânia;-;-;2010
México;-;-;2010
Moçambique;-;-;2010
Montenegro;-;-;2010
Namibia;-;-;2010
Nicaragua;-;-;2010
Nigéria;-;-;2010
Noruega;-;-;2010
Nova Caledônia;-;-;2010
Nova Zelândia;-;-;2010
Omã;-;-;2010
Países Baixos;87.368;302.182;2010
Panamá;-;-;2010
Paraguai;510.989;449.197;2010
Peru;-;-;2010
Polônia;20.464;95.198;2010
Porto Rico;-;-;2010
Portugal;4.577;18.970;2010
Quênia;-;-;2010
Reino Unido;123.624;295.690;2010
República Dominicana;-;-;2010
Rússia;-;-;2010
São Tomé e Príncipe;-;-;2010
São Vicente e Granadinas;-;-;2010
Senegal;-;-;2010
Serra Leoa;-;-;2010
Singapura;-;-;2010
Suazilândia;-;-;2010
Suécia;-;-;2010
Suíça;2.025;21.600;2010
Suriname;1.836;1.269;2010
Tailândia;-;-;2010
Taiwan (FORMOSA);-;-;2010
Tanzânia;-;-;2010
Tcheca, República;1.091;5.285;2010
Togo;-;-;2010
Trinidade Tobago;-;-;2010
Tunísia;-;-;2010
Turquia;-;-;2010
Tuvalu;-;-;2010
Uruguai;914;2.929;2010
Vanuatu;-;-;2010
Venezuela;-;-;2010
Vietnã;8.820;9.977;2010
Total;1.280.574;2.595.303;2010
Afeganistão;-;-;2011
África do Sul;-;-;2011
Alemanha, República Democrática;36.070;144.150;2011
Angola;13.889;69.001;2011
Anguilla;-;-;2011
Antígua e Barbuda;-;-;2011
Antilhas Holandesas;7.335;10.188;2011
Argentina;13.253;55.460;2011
Aruba;900;1.680;2011
Austrália;3.632;40.704;2011
Áustria;-;-;2011
Bahamas;4.529;28.810;2011
Bangladesh;-;-;2011
Barbados;-;-;2011
Barein;-;-;2011
Bélgica;11.802;62.339;2011
Belice;-;-;2011
Benin;-;-;2011
Bolívia;12.775;20.215;2011
Bósnia-Herzegovina;-;-;2011
Brasil;-;-;2011
Bulgária;-;-;2011
Cabo Verde;600;825;2011
Camarões;-;-;2011
Canadá;28.906;128.076;2011
Catar;-;-;2011
Cayman, Ilhas;-;-;2011
Chile;-;-;2011
China;54.156;334.867;2011
Chipre;-;-;2011
Cingapura;911;3.317;2011
Cocos (Keeling), Ilhas;-;-;2011
Colômbia;-;-;2011
Comores;-;-;2011
Congo;360;570;2011
Coreia, Republica Sul;-;-;2011
Costa do Marfim;-;-;2011
Costa Rica;-;-;2011
Croácia;-;-;2011
Cuba;2.880;4.899;2011
Curaçao;-;-;2011
Dinamarca;32.797;83.057;2011
Dominica;-;-;2011
El Salvador;-;-;2011
Emirados Arabes Unidos;2.120;6.594;2011
Equador;-;-;2011
Eslovaca, Republica;-;-;2011
Espanha;5.206;24.618;2011
Estados Unidos;306.787;1.030.254;2011
Estônia;450;5.336;2011
Filipinas;-;-;2011
Finlândia;12.404;50.394;2011
França;-;-;2011
Gana;-;-;2011
Gibraltar;-;-;2011
Granada;-;-;2011
Grécia;-;-;2011
Guatemala;-;-;2011
Guiana;-;-;2011
Guiana Francesa;-;-;2011
Guine Bissau;-;-;2011
Guine Equatorial;956;1.979;2011
Haiti;-;-;2011
Honduras;-;-;2011
Hong Kong;2.063;7.975;2011
Hungria;-;-;2011
Ilha de Man;-;-;2011
Ilhas Virgens;-;-;2011
India;-;-;2011
Indonésia;-;-;2011
Irã;-;-;2011
Iraque;-;-;2011
Irlanda;5.376;35.690;2011
Itália;11.999;80.298;2011
Jamaica;-;-;2011
Japão;100.835;144.662;2011
Jordânia;-;-;2011
Letônia;-;-;2011
Líbano;-;-;2011
Libéria;-;-;2011
Luxemburgo;9.547;65.592;2011
Malásia;-;-;2011
Malta;-;-;2011
Marshall, Ilhas;-;-;2011
Mauritânia;-;-;2011
México;1.350;7.200;2011
Moçambique;-;-;2011
Montenegro;-;-;2011
Namibia;-;-;2011
Nicaragua;-;-;2011
Nigéria;54;210;2011
Noruega;10.268;78.688;2011
Nova Caledônia;-;-;2011
Nova Zelândia;2.587;7.992;2011
Omã;-;-;2011
Países Baixos;125.414;395.356;2011
Panamá;-;-;2011
Paraguai;240.168;276.281;2011
Peru;-;-;2011
Polônia;11.732;50.684;2011
Porto Rico;-;-;2011
Portugal;95;1.031;2011
Quênia;-;-;2011
Reino Unido;122.629;285.642;2011
República Dominicana;-;-;2011
Rússia;-;-;2011
São Tomé e Príncipe;-;-;2011
São Vicente e Granadinas;-;-;2011
Senegal;-;-;2011
Serra Leoa;-;-;2011
Singapura;-;-;2011
Suazilândia;-;-;2011
Suécia;1.641;14.476;2011
Suíça;-;-;2011
Suriname;3.774;3.735;2011
Tailândia;-;-;2011
Taiwan (FORMOSA);4.500;10.600;2011
Tanzânia;-;-;2011
Tcheca, República;6.846;37.271;2011
Togo;-;-;2011
Trinidade Tobago;-;-;2011
Tunísia;-;-;2011
Turquia;-;-;2011
Tuvalu;-;-;2011
Uruguai;1.238;4.404;2011
Vanuatu;-;-;2011
Venezuela;-;-;2011
Vietnã;-;-;2011
Total;1.214.834;3.615.120;2011
Afeganistão;-;-;2012
África do Sul;-;-;2012
Alemanha, República Democrática;8.189;56.342;2012
Angola;2.833;8.861;2012
Anguilla;-;-;2012
Antígua e Barbuda;-;-;2012
Antilhas Holandesas;9.247;14.081;2012
Argentina;-;-;2012
Aruba;-;-;2012
Austrália;9.345;56.045;2012
Áustria;-;-;2012
Bahamas;1.374;12.087;2012
Bangladesh;-;-;2012
Barbados;-;-;2012
Barein;-;-;2012
Bélgica;16.132;90.718;2012
Belice;-;-;2012
Benin;-;-;2012
Bolívia;11.868;16.804;2012
Bósnia-Herzegovina;-;-;2012
Brasil;-;-;2012
Bulgária;-;-;2012
Cabo Verde;-;-;2012
Camarões;-;-;2012
Canadá;14.304;146.035;2012
Catar;-;-;2012
Cayman, Ilhas;-;-;2012
Chile;8.550;15.438;2012
China;87.905;642.177;2012
Chipre;-;-;2012
Cingapura;1.212;5.310;2012
Cocos (Keeling), Ilhas;-;-;2012
Colômbia;-;-;2012
Comores;-;-;2012
Congo;-;-;2012
Coreia, Republica Sul;-;-;2012
Costa do Marfim;-;-;2012
Costa Rica;-;-;2012
Croácia;-;-;2012
Cuba;-;-;2012
Curaçao;-;-;2012
Dinamarca;4.716;23.802;2012
Dominica;-;-;2012
El Salvador;-;-;2012
Emirados Arabes Unidos;675;3.300;2012
Equador;-;-;2012
Eslovaca, Republica;-;-;2012
Espanha;-;-;2012
Estados Unidos;146.585;303.986;2012
Estônia;3.321;19.384;2012
Filipinas;-;-;2012
Finlândia;17.100;67.959;2012
França;195.604;185.791;2012
Gana;-;-;2012
Gibraltar;-;-;2012
Granada;-;-;2012
Grécia;-;-;2012
Guatemala;-;-;2012
Guiana;-;-;2012
Guiana Francesa;-;-;2012
Guine Bissau;-;-;2012
Guine Equatorial;819;2.530;2012
Haiti;-;-;2012
Honduras;-;-;2012
Hong Kong;1.609;7.653;2012
Hungria;-;-;2012
Ilha de Man;-;-;2012
Ilhas Virgens;-;-;2012
India;-;-;2012
Indonésia;-;-;2012
Irã;-;-;2012
Iraque;-;-;2012
Irlanda;-;-;2012
Itália;792;5.622;2012
Jamaica;-;-;2012
Japão;29.281;116.961;2012
Jordânia;-;-;2012
Letônia;-;-;2012
Líbano;-;-;2012
Libéria;-;-;2012
Luxemburgo;2.444;16.547;2012
Malásia;-;-;2012
Malta;-;-;2012
Marshall, Ilhas;-;-;2012
Mauritânia;-;-;2012
México;-;-;2012
Moçambique;-;-;2012
Montenegro;-;-;2012
Namibia;-;-;2012
Nicaragua;-;-;2012
Nigéria;6.449;10.196;2012
Noruega;5.104;31.515;2012
Nova Caledônia;-;-;2012
Nova Zelândia;2.364;8.817;2012
Omã;-;-;2012
Países Baixos;134.879;539.641;2012
Panamá;39;2.262;2012
Paraguai;354.824;428.279;2012
Peru;-;-;2012
Polônia;21.663;89.158;2012
Porto Rico;-;-;2012
Portugal;47.172;47.022;2012
Quênia;94;458;2012
Reino Unido;82.937;334.856;2012
República Dominicana;-;-;2012
Rússia;4.528.176;2.103.968;2012
São Tomé e Príncipe;-;-;2012
São Vicente e Granadinas;-;-;2012
Senegal;-;-;2012
Serra Leoa;-;-;2012
Singapura;-;-;2012
Suazilândia;-;-;2012
Suécia;2.705;17.280;2012
Suíça;4.014;47.240;2012
Suriname;396;1.288;2012
Tailândia;-;-;2012
Taiwan (FORMOSA);-;-;2012
Tanzânia;-;-;2012
Tcheca, República;7.960;27.789;2012
Togo;-;-;2012
Trinidade Tobago;531;2.720;2012
Tunísia;-;-;2012
Turquia;-;-;2012
Tuvalu;-;-;2012
Uruguai;1.135;3.879;2012
Vanuatu;-;-;2012
Venezuela;1.029;7.492;2012
Vietnã;-;-;2012
Total;5.775.376;5.521.293;2012
Afeganistão;-;-;2013
África do Sul;-;-;2013
Alemanha, República Democrática;61.699;265.978;2013
Angola;1.573;9.300;2013
Anguilla;-;-;2013
Antígua e Barbuda;-;-;2013
Antilhas Holandesas;11.281;19.565;2013
Argentina;-;-;2013
Aruba;-;-;2013
Austrália;16.707;101.715;2013
Áustria;-;-;2013
Bahamas;581;5.145;2013
Bangladesh;-;-;2013
Barbados;-;-;2013
Barein;-;-;2013
Bélgica;22.461;95.893;2013
Belice;-;-;2013
Benin;-;-;2013
Bolívia;19.147;25.998;2013
Bósnia-Herzegovina;-;-;2013
Brasil;-;-;2013
Bulgária;-;-;2013
Cabo Verde;-;-;2013
Camarões;-;-;2013
Canadá;25.329;174.643;2013
Catar;-;-;2013
Cayman, Ilhas;-;-;2013
Chile;-;-;2013
China;40.929;279.956;2013
Chipre;-;-;2013
Cingapura;766;5.779;2013
Cocos (Keeling), Ilhas;-;-;2013
Colômbia;8;30;2013
Comores;-;-;2013
Congo;-;-;2013
Coreia, Republica Sul;-;-;2013
Costa do Marfim;-;-;2013
Costa Rica;-;-;2013
Croácia;-;-;2013
Cuba;-;-;2013
Curaçao;-;-;2013
Dinamarca;17.892;101.915;2013
Dominica;-;-;2013
El Salvador;-;-;2013
Emirados Arabes Unidos;-;-;2013
Equador;-;-;2013
Eslovaca, Republica;-;-;2013
Espanha;1.972.980;3.748.940;2013
Estados Unidos;245.368;786.556;2013
Estônia;-;-;2013
Filipinas;-;-;2013
Finlândia;36.682;283.114;2013
França;6.885;42.256;2013
Gana;-;-;2013
Gibraltar;-;-;2013
Granada;-;-;2013
Grécia;-;-;2013
Guatemala;-;-;2013
Guiana;-;-;2013
Guiana Francesa;-;-;2013
Guine Bissau;-;-;2013
Guine Equatorial;1.108;5.336;2013
Haiti;-;-;2013
Honduras;-;-;2013
Hong Kong;16.013;61.224;2013
Hungria;-;-;2013
Ilha de Man;-;-;2013
Ilhas Virgens;-;-;2013
India;-;-;2013
Indonésia;-;-;2013
Irã;-;-;2013
Iraque;-;-;2013
Irlanda;-;-;2013
Itália;1.710;11.967;2013
Jamaica;-;-;2013
Japão;91.988;429.088;2013
Jordânia;-;-;2013
Letônia;-;-;2013
Líbano;-;-;2013
Libéria;-;-;2013
Luxemburgo;5.135;29.474;2013
Malásia;-;-;2013
Malta;-;-;2013
Marshall, Ilhas;-;-;2013
Mauritânia;-;-;2013
México;-;-;2013
Moçambique;-;-;2013
Montenegro;-;-;2013
Namibia;-;-;2013
Nicaragua;-;-;2013
Nigéria;1.350;2.245;2013
Noruega;2.375;19.008;2013
Nova Caledônia;-;-;2013
Nova Zelândia;1.004;4.092;2013
Omã;-;-;2013
Países Baixos;57.792;255.690;2013
Panamá;-;-;2013
Paraguai;481.564;680.828;2013
Peru;-;-;2013
Polônia;19.249;90.960;2013
Porto Rico;-;-;2013
Portugal;23.810;17.627;2013
Quênia;6;4;2013
Reino Unido;59.161;305.005;2013
República Dominicana;-;-;2013
Rússia;5.893.291;14.795.694;2013
São Tomé e Príncipe;-;-;2013
São Vicente e Granadinas;-;-;2013
Senegal;-;-;2013
Serra Leoa;-;-;2013
Singapura;-;-;2013
Suazilândia;-;-;2013
Suécia;3.195;20.183;2013
Suíça;2.997;29.785;2013
Suriname;1.800;2.960;2013
Tailândia;-;-;2013
Taiwan (FORMOSA);-;-;2013
Tanzânia;-;-;2013
Tcheca, República;3.697;23.549;2013
Togo;-;-;2013
Trinidade Tobago;-;-;2013
Tunísia;-;-;2013
Turquia;-;-;2013
Tuvalu;-;-;2013
Uruguai;1.526;13.343;2013
Vanuatu;-;-;2013
Venezuela;-;-;2013
Vietnã;-;-;2013
Total;9.149.059;22.744.845;2013
Afeganistão;-;-;2014
África do Sul;-;-;2014
Alemanha, República Democrática;213.348;761.653;2014
Angola;12.182;23.124;2014
Anguilla;-;-;2014
Antígua e Barbuda;-;-;2014
Antilhas Holandesas;4.455;7.169;2014
Argentina;20.385;95.130;2014
Aruba;450;755;2014
Austrália;6.308;43.709;2014
Áustria;-;-;2014
Bahamas;-;-;2014
Bangladesh;-;-;2014
Barbados;-;-;2014
Barein;-;-;2014
Bélgica;151.320;704.093;2014
Belice;-;-;2014
Benin;-;-;2014
Bolívia;12.534;18.303;2014
Bósnia-Herzegovina;-;-;2014
Brasil;-;-;2014
Bulgária;-;-;2014
Cabo Verde;-;-;2014
Camarões;-;-;2014
Canadá;35.082;226.875;2014
Catar;-;-;2014
Cayman, Ilhas;-;-;2014
Chile;-;-;2014
China;64.040;455.340;2014
Chipre;-;-;2014
Cingapura;541;3.887;2014
Cocos (Keeling), Ilhas;-;-;2014
Colômbia;-;-;2014
Comores;-;-;2014
Congo;-;-;2014
Coreia, Republica Sul;-;-;2014
Costa do Marfim;-;-;2014
Costa Rica;-;-;2014
Croácia;-;-;2014
Cuba;38.875;43.200;2014
Curaçao;-;-;2014
Dinamarca;3.240;16.871;2014
Dominica;-;-;2014
El Salvador;-;-;2014
Emirados Arabes Unidos;640;3.381;2014
Equador;-;-;2014
Eslovaca, Republica;-;-;2014
Espanha;-;-;2014
Estados Unidos;222.267;494.216;2014
Estônia;-;-;2014
Filipinas;-;-;2014
Finlândia;12.960;94.962;2014
França;33.755;167.807;2014
Gana;-;-;2014
Gibraltar;-;-;2014
Granada;-;-;2014
Grécia;-;-;2014
Guatemala;-;-;2014
Guiana;-;-;2014
Guiana Francesa;-;-;2014
Guine Bissau;-;-;2014
Guine Equatorial;5.646;11.983;2014
Haiti;-;-;2014
Honduras;-;-;2014
Hong Kong;18.130;63.534;2014
Hungria;-;-;2014
Ilha de Man;-;-;2014
Ilhas Virgens;-;-;2014
India;-;-;2014
Indonésia;-;-;2014
Irã;-;-;2014
Iraque;-;-;2014
Irlanda;-;-;2014
Itália;604;2.492;2014
Jamaica;-;-;2014
Japão;106.426;401.774;2014
Jordânia;-;-;2014
Letônia;-;-;2014
Líbano;-;-;2014
Libéria;-;-;2014
Luxemburgo;8.281;52.400;2014
Malásia;-;-;2014
Malta;-;-;2014
Marshall, Ilhas;-;-;2014
Mauritânia;-;-;2014
México;1.521;24.336;2014
Moçambique;-;-;2014
Montenegro;-;-;2014
Namibia;-;-;2014
Nicaragua;-;-;2014
Nigéria;-;-;2014
Noruega;7.179;50.464;2014
Nova Caledônia;-;-;2014
Nova Zelândia;2.800;13.675;2014
Omã;-;-;2014
Países Baixos;165.289;773.767;2014
Panamá;-;-;2014
Paraguai;521.847;908.028;2014
Peru;-;-;2014
Polônia;30.181;107.957;2014
Porto Rico;-;-;2014
Portugal;71.544;79.141;2014
Quênia;-;-;2014
Reino Unido;305.807;1.373.747;2014
República Dominicana;-;-;2014
Rússia;190.656;61.440;2014
São Tomé e Príncipe;-;-;2014
São Vicente e Granadinas;-;-;2014
Senegal;-;-;2014
Serra Leoa;-;-;2014
Singapura;-;-;2014
Suazilândia;-;-;2014
Suécia;10.404;51.057;2014
Suíça;27.933;231.762;2014
Suriname;6;19;2014
Tailândia;-;-;2014
Taiwan (FORMOSA);12.519;67.907;2014
Tanzânia;-;-;2014
Tcheca, República;4.500;35.005;2014
Togo;-;-;2014
Trinidade Tobago;360;1.600;2014
Tunísia;-;-;2014
Turquia;-;-;2014
Tuvalu;-;-;2014
Uruguai;-;-;2014
Vanuatu;-;-;2014
Venezuela;14;232;2014
Vietnã;-;-;2014
Total;2.324.029;7.472.795;2014
Afeganistão;-;-;2015
África do Sul;-;-;2015
Alemanha, República Democrática;10.680;44.780;2015
Angola;1.908;17.089;2015
Anguilla;-;-;2015
Antígua e Barbuda;-;-;2015
Antilhas Holandesas;6.660;10.545;2015
Argentina;-;-;2015
Aruba;-;-;2015
Austrália;7.437;48.011;2015
Áustria;-;-;2015
Bahamas;-;-;2015
Bangladesh;-;-;2015
Barbados;-;-;2015
Barein;-;-;2015
Bélgica;4.473;26.399;2015
Belice;-;-;2015
Benin;-;-;2015
Bolívia;10.674;12.990;2015
Bósnia-Herzegovina;-;-;2015
Brasil;-;-;2015
Bulgária;-;-;2015
Cabo Verde;-;-;2015
Camarões;-;-;2015
Canadá;24.547;118.394;2015
Catar;-;-;2015
Cayman, Ilhas;-;-;2015
Chile;-;-;2015
China;47.609;222.866;2015
Chipre;-;-;2015
Cingapura;1.116;2.774;2015
Cocos (Keeling), Ilhas;-;-;2015
Colômbia;-;-;2015
Comores;-;-;2015
Congo;-;-;2015
Coreia, Republica Sul;-;-;2015
Costa do Marfim;-;-;2015
Costa Rica;-;-;2015
Croácia;-;-;2015
Cuba;97.965;108.864;2015
Curaçao;-;-;2015
Dinamarca;7.080;29.306;2015
Dominica;-;-;2015
El Salvador;-;-;2015
Emirados Arabes Unidos;765;3.740;2015
Equador;-;-;2015
Eslovaca, Republica;-;-;2015
Espanha;-;-;2015
Estados Unidos;195.896;524.109;2015
Estônia;-;-;2015
Filipinas;-;-;2015
Finlândia;-;-;2015
França;1.596;4.749;2015
Gana;-;-;2015
Gibraltar;-;-;2015
Granada;-;-;2015
Grécia;-;-;2015
Guatemala;-;-;2015
Guiana;-;-;2015
Guiana Francesa;-;-;2015
Guine Bissau;-;-;2015
Guine Equatorial;-;-;2015
Haiti;-;-;2015
Honduras;-;-;2015
Hong Kong;1.229;7.837;2015
Hungria;-;-;2015
Ilha de Man;-;-;2015
Ilhas Virgens;-;-;2015
India;-;-;2015
Indonésia;-;-;2015
Irã;-;-;2015
Iraque;-;-;2015
Irlanda;-;-;2015
Itália;-;-;2015
Jamaica;-;-;2015
Japão;31.597;87.853;2015
Jordânia;-;-;2015
Letônia;-;-;2015
Líbano;-;-;2015
Libéria;-;-;2015
Luxemburgo;2.295;17.358;2015
Malásia;-;-;2015
Malta;-;-;2015
Marshall, Ilhas;-;-;2015
Mauritânia;-;-;2015
México;-;-;2015
Moçambique;-;-;2015
Montenegro;-;-;2015
Namibia;-;-;2015
Nicaragua;-;-;2015
Nigéria;-;-;2015
Noruega;1.058;6.021;2015
Nova Caledônia;-;-;2015
Nova Zelândia;809;3.476;2015
Omã;-;-;2015
Países Baixos;44.987;186.464;2015
Panamá;-;-;2015
Paraguai;495.428;741.370;2015
Peru;-;-;2015
Polônia;11.654;42.781;2015
Porto Rico;-;-;2015
Portugal;47.736;42.586;2015
Quênia;-;-;2015
Reino Unido;68.382;308.407;2015
República Dominicana;-;-;2015
Rússia;47.664;18.240;2015
São Tomé e Príncipe;-;-;2015
São Vicente e Granadinas;-;-;2015
Senegal;-;-;2015
Serra Leoa;-;-;2015
Singapura;-;-;2015
Suazilândia;-;-;2015
Suécia;1.412;6.404;2015
Suíça;15.872;85.790;2015
Suriname;453;713;2015
Tailândia;-;-;2015
Taiwan (FORMOSA);7.200;23.940;2015
Tanzânia;-;-;2015
Tcheca, República;2.297;15.304;2015
Togo;-;-;2015
Trinidade Tobago;-;-;2015
Tunísia;-;-;2015
Turquia;-;-;2015
Tuvalu;-;-;2015
Uruguai;-;-;2015
Vanuatu;-;-;2015
Venezuela;-;-;2015
Vietnã;-;-;2015
Total;1.198.479;2.769.160;2015
Afeganistão;-;-;2016
África do Sul;-;-;2016
Alemanha, República Democrática;14.012;68.109;2016
Angola;7.359;35.390;2016
Anguilla;-;-;2016
Antígua e Barbuda;-;-;2016
Antilhas Holandesas;16.641;26.450;2016
Argentina;-;-;2016
Aruba;-;-;2016
Austrália;1.954;13.799;2016
Áustria;675;5.220;2016
Bahamas;-;-;2016
Bangladesh;-;-;2016
Barbados;-;-;2016
Barein;-;-;2016
Bélgica;7.200;46.534;2016
Belice;-;-;2016
Benin;5.040;20.333;2016
Bolívia;13.586;16.902;2016
Bósnia-Herzegovina;-;-;2016
Brasil;-;-;2016
Bulgária;-;-;2016
Cabo Verde;-;-;2016
Camarões;-;-;2016
Canadá;13.711;71.096;2016
Catar;-;-;2016
Cayman, Ilhas;-;-;2016
Chile;-;-;2016
China;134.106;499.622;2016
Chipre;-;-;2016
Cingapura;5.445;13.199;2016
Cocos (Keeling), Ilhas;-;-;2016
Colômbia;-;-;2016
Comores;-;-;2016
Congo;-;-;2016
Coreia, Republica Sul;8;20;2016
Costa do Marfim;-;-;2016
Costa Rica;-;-;2016
Croácia;-;-;2016
Cuba;63.741;69.830;2016
Curaçao;-;-;2016
Dinamarca;1.278;8.171;2016
Dominica;-;-;2016
El Salvador;-;-;2016
Emirados Arabes Unidos;585;2.760;2016
Equador;-;-;2016
Eslovaca, Republica;-;-;2016
Espanha;-;-;2016
Estados Unidos;258.072;687.411;2016
Estônia;900;4.800;2016
Filipinas;-;-;2016
Finlândia;7.617;41.003;2016
França;6.037;30.055;2016
Gana;-;-;2016
Gibraltar;-;-;2016
Granada;-;-;2016
Grécia;-;-;2016
Guatemala;-;-;2016
Guiana;-;-;2016
Guiana Francesa;-;-;2016
Guine Bissau;-;-;2016
Guine Equatorial;-;-;2016
Haiti;-;-;2016
Honduras;-;-;2016
Hong Kong;6.975;86.199;2016
Hungria;-;-;2016
Ilha de Man;-;-;2016
Ilhas Virgens;-;-;2016
India;-;-;2016
Indonésia;-;-;2016
Irã;-;-;2016
Iraque;-;-;2016
Irlanda;-;-;2016
Itália;585;3.465;2016
Jamaica;-;-;2016
Japão;34.341;90.954;2016
Jordânia;-;-;2016
Letônia;-;-;2016
Líbano;-;-;2016
Libéria;-;-;2016
Luxemburgo;2.759;21.426;2016
Malásia;-;-;2016
Malta;-;-;2016
Marshall, Ilhas;-;-;2016
Mauritânia;-;-;2016
México;-;-;2016
Moçambique;-;-;2016
Montenegro;-;-;2016
Namibia;-;-;2016
Nicaragua;-;-;2016
Nigéria;-;-;2016
Noruega;-;-;2016
Nova Caledônia;-;-;2016
Nova Zelândia;504;9.472;2016
Omã;-;-;2016
Países Baixos;42.953;190.203;2016
Panamá;-;-;2016
Paraguai;985.739;1.655.417;2016
Peru;-;-;2016
Polônia;11.457;35.402;2016
Porto Rico;-;-;2016
Portugal;-;-;2016
Quênia;-;-;2016
Reino Unido;117.044;536.681;2016
República Dominicana;-;-;2016
Rússia;-;-;2016
São Tomé e Príncipe;-;-;2016
São Vicente e Granadinas;-;-;2016
Senegal;-;-;2016
Serra Leoa;-;-;2016
Singapura;-;-;2016
Suazilândia;-;-;2016
Suécia;291;1.214;2016
Suíça;4.230;33.340;2016
Suriname;900;1.375;2016
Tailândia;-;-;2016
Taiwan (FORMOSA);16.967;80.379;2016
Tanzânia;-;-;2016
Tcheca, República;3.837;28.473;2016
Togo;-;-;2016
Trinidade Tobago;-;-;2016
Tunísia;-;-;2016
Turquia;-;-;2016
Tuvalu;-;-;2016
Uruguai;-;-;2016
Vanuatu;-;-;2016
Venezuela;-;-;2016
Vietnã;-;-;2016
Total;1.786.549;4.434.704;2016
Afeganistão;-;-;2017
África do Sul;-;-;2017
Alemanha, República Democrática;15.467;87.702;2017
Angola;10.170;61.680;2017
Anguilla;-;-;2017
Antígua e Barbuda;-;-;2017
Antilhas Holandesas;5.400;8.550;2017
Argentina;-;-;2017
Aruba;-;-;2017
Austrália;1.350;7.500;2017
Áustria;-;-;2017
Bahamas;-;-;2017
Bangladesh;-;-;2017
Barbados;-;-;2017
Barein;-;-;2017
Bélgica;2.790;16.405;2017
Belice;-;-;2017
Benin;-;-;2017
Bolívia;9.495;23.085;2017
Bósnia-Herzegovina;-;-;2017
Brasil;-;-;2017
Bulgária;117;1.579;2017
Cabo Verde;-;-;2017
Camarões;1.749;7.476;2017
Canadá;6.075;30.658;2017
Catar;13.338;81.606;2017
Cayman, Ilhas;-;-;2017
Chile;-;-;2017
China;67.594;266.086;2017
Chipre;-;-;2017
Cingapura;-;-;2017
Cocos (Keeling), Ilhas;-;-;2017
Colômbia;-;-;2017
Comores;-;-;2017
Congo;-;-;2017
Coreia, Republica Sul;-;-;2017
Costa do Marfim;-;-;2017
Costa Rica;-;-;2017
Croácia;-;-;2017
Cuba;62.791;72.229;2017
Curaçao;12.340;23.011;2017
Dinamarca;581;2.829;2017
Dominica;-;-;2017
El Salvador;-;-;2017
Emirados Arabes Unidos;675;3.302;2017
Equador;-;-;2017
Eslovaca, Republica;-;-;2017
Espanha;-;-;2017
Estados Unidos;132.688;1.523.699;2017
Estônia;-;-;2017
Filipinas;-;-;2017
Finlândia;-;-;2017
França;4.253;21.654;2017
Gana;-;-;2017
Gibraltar;-;-;2017
Granada;-;-;2017
Grécia;-;-;2017
Guatemala;-;-;2017
Guiana;-;-;2017
Guiana Francesa;-;-;2017
Guine Bissau;48;90;2017
Guine Equatorial;2.639;30.563;2017
Haiti;-;-;2017
Honduras;-;-;2017
Hong Kong;1.934;8.180;2017
Hungria;-;-;2017
Ilha de Man;-;-;2017
Ilhas Virgens;-;-;2017
India;-;-;2017
Indonésia;-;-;2017
Irã;-;-;2017
Iraque;-;-;2017
Irlanda;-;-;2017
Itália;468;2.248;2017
Jamaica;-;-;2017
Japão;33.909;92.886;2017
Jordânia;-;-;2017
Letônia;387;3.723;2017
Líbano;-;-;2017
Libéria;-;-;2017
Luxemburgo;2.719;21.947;2017
Malásia;-;-;2017
Malta;-;-;2017
Marshall, Ilhas;-;-;2017
Mauritânia;-;-;2017
México;664;2.292;2017
Moçambique;-;-;2017
Montenegro;-;-;2017
Namibia;-;-;2017
Nicaragua;-;-;2017
Nigéria;-;-;2017
Noruega;-;-;2017
Nova Caledônia;-;-;2017
Nova Zelândia;1.678;8.140;2017
Omã;-;-;2017
Países Baixos;-;-;2017
Panamá;-;-;2017
Paraguai;2.393.468;4.274.650;2017
Peru;-;-;2017
Polônia;-;-;2017
Porto Rico;-;-;2017
Portugal;-;-;2017
Quênia;-;-;2017
Reino Unido;60.711;242.883;2017
República Dominicana;-;-;2017
Rússia;-;-;2017
São Tomé e Príncipe;-;-;2017
São Vicente e Granadinas;-;-;2017
Senegal;-;-;2017
Serra Leoa;-;-;2017
Singapura;-;-;2017
Suazilândia;-;-;2017
Suécia;15.445;64.953;2017
Suíça;6.525;74.816;2017
Suriname;3.690;5.638;2017
Tailândia;-;-;2017
Taiwan (FORMOSA);14.988;43.954;2017
Tanzânia;-;-;2017
Tcheca, República;2.746;16.947;2017
Togo;-;-;2017
Trinidade Tobago;-;-;2017
Tunísia;-;-;2017
Turquia;-;-;2017
Tuvalu;-;-;2017
Uruguai;-;-;2017
Vanuatu;-;-;2017
Venezuela;680;2.646;2017
Vietnã;-;-;2017
Total;2.889.572;7.135.607;2017
Afeganistão;-;-;2018
África do Sul;-;-;2018
Alemanha, República Democrática;10.794;45.382;2018
Angola;477;709;2018
Anguilla;-;-;2018
Antígua e Barbuda;37;191;2018
Antilhas Holandesas;-;-;2018
Argentina;15.711;59.150;2018
Aruba;-;-;2018
Austrália;2.055;6.902;2018
Áustria;-;-;2018
Bahamas;141;634;2018
Bangladesh;-;-;2018
Barbados;-;-;2018
Barein;-;-;2018
Bélgica;7.497;52.799;2018
Belice;-;-;2018
Benin;-;-;2018
Bolívia;21.566;57.424;2018
Bósnia-Herzegovina;-;-;2018
Brasil;-;-;2018
Bulgária;-;-;2018
Cabo Verde;18;48;2018
Camarões;-;-;2018
Canadá;5.308;20.414;2018
Catar;-;-;2018
Cayman, Ilhas;19;203;2018
Chile;11.049;42.832;2018
China;30.835;126.336;2018
Chipre;279;480;2018
Cingapura;3.298;11.616;2018
Cocos (Keeling), Ilhas;-;-;2018
Colômbia;6.944;26.273;2018
Comores;-;-;2018
Congo;-;-;2018
Coreia, Republica Sul;120;109;2018
Costa do Marfim;-;-;2018
Costa Rica;-;-;2018
Croácia;-;-;2018
Cuba;4.776;5.584;2018
Curaçao;23.930;43.676;2018
Dinamarca;-;-;2018
Dominica;-;-;2018
El Salvador;-;-;2018
Emirados Arabes Unidos;360;1.762;2018
Equador;-;-;2018
Eslovaca, Republica;-;-;2018
Espanha;6.123;22.631;2018
Estados Unidos;169.109;512.519;2018
Estônia;-;-;2018
Filipinas;9.608;16.205;2018
Finlândia;-;-;2018
França;11.077;48.677;2018
Gana;9.000;13.502;2018
Gibraltar;-;-;2018
Granada;-;-;2018
Grécia;232;730;2018
Guatemala;-;-;2018
Guiana;-;-;2018
Guiana Francesa;-;-;2018
Guine Bissau;-;-;2018
Guine Equatorial;8.389;26.808;2018
Haiti;79.500;144.425;2018
Honduras;-;-;2018
Hong Kong;1.742;9.029;2018
Hungria;-;-;2018
Ilha de Man;-;-;2018
Ilhas Virgens;-;-;2018
India;-;-;2018
Indonésia;-;-;2018
Irã;-;-;2018
Iraque;-;-;2018
Irlanda;7.560;25.767;2018
Itália;3.661;13.260;2018
Jamaica;-;-;2018
Japão;36.992;112.342;2018
Jordânia;-;-;2018
Letônia;-;-;2018
Líbano;-;-;2018
Libéria;658;3.100;2018
Luxemburgo;1.778;11.053;2018
Malásia;15;33;2018
Malta;503;1.192;2018
Marshall, Ilhas;923;2.436;2018
Mauritânia;-;-;2018
México;2.748;9.744;2018
Moçambique;-;-;2018
Montenegro;-;-;2018
Namibia;-;-;2018
Nicaragua;-;-;2018
Nigéria;5.175;6.250;2018
Noruega;1.295;9.847;2018
Nova Caledônia;-;-;2018
Nova Zelândia;969;5.565;2018
Omã;-;-;2018
Países Baixos;9.451;32.395;2018
Panamá;1.183;3.117;2018
Paraguai;3.234.168;5.494.321;2018
Peru;5.193;19.372;2018
Polônia;720;4.679;2018
Porto Rico;-;-;2018
Portugal;-;-;2018
Quênia;6.771;31.225;2018
Reino Unido;67.708;296.827;2018
República Dominicana;-;-;2018
Rússia;-;-;2018
São Tomé e Príncipe;2.184;2.357;2018
São Vicente e Granadinas;-;-;2018
Senegal;-;-;2018
Serra Leoa;-;-;2018
Singapura;-;-;2018
Suazilândia;-;-;2018
Suécia;8.062;34.563;2018
Suíça;-;-;2018
Suriname;-;-;2018
Tailândia;8;45;2018
Taiwan (FORMOSA);7.589;18.421;2018
Tanzânia;-;-;2018
Tcheca, República;2.712;20.980;2018
Togo;-;-;2018
Trinidade Tobago;-;-;2018
Tunísia;-;-;2018
Turquia;360;150;2018
Tuvalu;-;-;2018
Uruguai;7.711;29.617;2018
Vanuatu;-;-;2018
Venezuela;71;355;2018
Vietnã;-;-;2018
Total;3.856.162;7.486.063;2018
Afeganistão;-;-;2019
África do Sul;26;95;2019
Alemanha, República Democrática;3.660;25.467;2019
Angola;345;1.065;2019
Anguilla;-;-;2019
Antígua e Barbuda;219;1.549;2019
Antilhas Holandesas;-;-;2019
Argentina;-;-;2019
Aruba;-;-;2019
Austrália;1.161;4.682;2019
Áustria;-;-;2019
Bahamas;791;3.124;2019
Bangladesh;-;-;2019
Barbados;36;394;2019
Barein;482;2.144;2019
Bélgica;2.498;12.548;2019
Belice;9;29;2019
Benin;9;9;2019
Bolívia;-;-;2019
Bósnia-Herzegovina;-;-;2019
Brasil;-;-;2019
Bulgária;-;-;2019
Cabo Verde;-;-;2019
Camarões;-;-;2019
Canadá;1.589;6.933;2019
Catar;-;-;2019
Cayman, Ilhas;19;106;2019
Chile;-;-;2019
China;129.852;376.828;2019
Chipre;672;1.843;2019
Cingapura;5.044;19.099;2019
Cocos (Keeling), Ilhas;-;-;2019
Colômbia;897;1.999;2019
Comores;-;-;2019
Congo;-;-;2019
Coreia, Republica Sul;70;194;2019
Costa do Marfim;-;-;2019
Costa Rica;-;-;2019
Croácia;-;-;2019
Cuba;-;-;2019
Curaçao;33.951;62.067;2019
Dinamarca;240;306;2019
Dominica;-;-;2019
El Salvador;-;-;2019
Emirados Arabes Unidos;450;2.202;2019
Equador;2;3;2019
Eslovaca, Republica;-;-;2019
Espanha;3.540;1.353;2019
Estados Unidos;209.765;616.274;2019
Estônia;-;-;2019
Filipinas;736;2.486;2019
Finlândia;-;-;2019
França;18.286;67.072;2019
Gana;7.673;10.010;2019
Gibraltar;23;93;2019
Granada;-;-;2019
Grécia;561;1.994;2019
Guatemala;1.597;8.719;2019
Guiana;424;1.311;2019
Guiana Francesa;-;-;2019
Guine Bissau;-;-;2019
Guine Equatorial;-;-;2019
Haiti;81.873;129.803;2019
Honduras;-;-;2019
Hong Kong;9.651;42.020;2019
Hungria;-;-;2019
Ilha de Man;28;175;2019
Ilhas Virgens;-;-;2019
India;51;273;2019
Indonésia;-;-;2019
Irã;-;-;2019
Iraque;-;-;2019
Irlanda;-;-;2019
Itália;587;1.625;2019
Jamaica;-;-;2019
Japão;40.621;99.642;2019
Jordânia;-;-;2019
Letônia;-;-;2019
Líbano;-;-;2019
Libéria;4.441;20.068;2019
Luxemburgo;1.666;11.211;2019
Malásia;48;110;2019
Malta;3.661;8.828;2019
Marshall, Ilhas;7.276;15.786;2019
Mauritânia;-;-;2019
México;4;4;2019
Moçambique;-;-;2019
Montenegro;9;46;2019
Namibia;-;-;2019
Nicaragua;-;-;2019
Nigéria;28.437;38.555;2019
Noruega;628;3.139;2019
Nova Caledônia;-;-;2019
Nova Zelândia;500;2.832;2019
Omã;-;-;2019
Países Baixos;44.882;148.031;2019
Panamá;7.918;29.017;2019
Paraguai;2.419.537;3.826.587;2019
Peru;9.755;17.310;2019
Polônia;5;11;2019
Porto Rico;-;-;2019
Portugal;18.328;72.413;2019
Quênia;-;-;2019
Reino Unido;34.295;164.592;2019
República Dominicana;-;-;2019
Rússia;-;-;2019
São Tomé e Príncipe;-;-;2019
São Vicente e Granadinas;-;-;2019
Senegal;-;-;2019
Serra Leoa;18;717;2019
Singapura;-;-;2019
Suazilândia;-;-;2019
Suécia;28;761;2019
Suíça;2.223;28.503;2019
Suriname;3.206;4.741;2019
Tailândia;128;832;2019
Taiwan (FORMOSA);12;67;2019
Tanzânia;-;-;2019
Tcheca, República;2.115;16.391;2019
Togo;-;-;2019
Trinidade Tobago;-;-;2019
Tunísia;-;-;2019
Turquia;115;209;2019
Tuvalu;-;-;2019
Uruguai;6.180;18.497;2019
Vanuatu;-;-;2019
Venezuela;-;-;2019
Vietnã;20;32;2019
Total;3.152.873;5.934.826;2019
Afeganistão;-;-;2020
África do Sul;4;21;2020
Alemanha, República Democrática;6.261;32.605;2020
Angola;-;-;2020
Anguilla;-;-;2020
Antígua e Barbuda;624;1.864;2020
Antilhas Holandesas;-;-;2020
Argentina;1.015;4.176;2020
Aruba;-;-;2020
Austrália;1.013;3.413;2020
Áustria;-;-;2020
Bahamas;1.212;3.703;2020
Bangladesh;3;29;2020
Barbados;143;169;2020
Barein;8;28;2020
Bélgica;3.166;20.460;2020
Belice;-;-;2020
Benin;-;-;2020
Bolívia;9.900;16.025;2020
Bósnia-Herzegovina;45;52;2020
Brasil;-;-;2020
Bulgária;-;-;2020
Cabo Verde;-;-;2020
Camarões;0;178;2020
Canadá;1.672;8.431;2020
Catar;-;-;2020
Cayman, Ilhas;123;339;2020
Chile;11;13;2020
China;122.253;363.000;2020
Chipre;2.478;6.785;2020
Cingapura;4.049;9.316;2020
Cocos (Keeling), Ilhas;-;-;2020
Colômbia;15.660;23.780;2020
Comores;9;25;2020
Congo;-;-;2020
Coreia, Republica Sul;103;433;2020
Costa do Marfim;-;-;2020
Costa Rica;-;-;2020
Croácia;21;123;2020
Cuba;-;-;2020
Curaçao;47.962;65.986;2020
Dinamarca;659;1.962;2020
Dominica;-;-;2020
El Salvador;-;-;2020
Emirados Arabes Unidos;581;2.279;2020
Equador;3.780;3.824;2020
Eslovaca, Republica;-;-;2020
Espanha;28;126;2020
Estados Unidos;300.178;610.793;2020
Estônia;-;-;2020
Filipinas;719;1.548;2020
Finlândia;-;-;2020
França;12.622;57.144;2020
Gana;18.810;22.027;2020
Gibraltar;769;2.860;2020
Granada;-;-;2020
Grécia;6.859;18.092;2020
Guatemala;-;-;2020
Guiana;990;2.577;2020
Guiana Francesa;-;-;2020
Guine Bissau;-;-;2020
Guine Equatorial;-;-;2020
Haiti;399.128;471.152;2020
Honduras;-;-;2020
Hong Kong;15.159;41.987;2020
Hungria;-;-;2020
Ilha de Man;11;121;2020
Ilhas Virgens;-;-;2020
India;7;10;2020
Indonésia;5;6;2020
Irã;21;35;2020
Iraque;-;-;2020
Irlanda;29;257;2020
Itália;91;376;2020
Jamaica;-;-;2020
Japão;36.442;92.674;2020
Jordânia;12;52;2020
Letônia;-;-;2020
Líbano;-;-;2020
Libéria;5.155;17.624;2020
Luxemburgo;1.086;5.110;2020
Malásia;-;-;2020
Malta;3.490;9.688;2020
Marshall, Ilhas;6.270;19.639;2020
Mauritânia;-;-;2020
México;24;226;2020
Moçambique;-;-;2020
Montenegro;9;20;2020
Namibia;-;-;2020
Nicaragua;-;-;2020
Nigéria;12.094;26.514;2020
Noruega;1.859;15.134;2020
Nova Caledônia;-;-;2020
Nova Zelândia;95;515;2020
Omã;-;-;2020
Países Baixos;248;1.532;2020
Panamá;10.821;28.372;2020
Paraguai;3.299.013;3.869.243;2020
Peru;-;-;2020
Polônia;74;86;2020
Porto Rico;-;-;2020
Portugal;7.958;34.518;2020
Quênia;-;-;2020
Reino Unido;22.913;82.722;2020
República Dominicana;-;-;2020
Rússia;1.463;8.550;2020
São Tomé e Príncipe;-;-;2020
São Vicente e Granadinas;-;-;2020
Senegal;-;-;2020
Serra Leoa;9.240;13.050;2020
Singapura;-;-;2020
Suazilândia;-;-;2020
Suécia;6;24;2020
Suíça;2.827;27.930;2020
Suriname;4.185;5.277;2020
Tailândia;534;1.753;2020
Taiwan (FORMOSA);963;4.673;2020
Tanzânia;-;-;2020
Tcheca, República;563;4.805;2020
Togo;-;-;2020
Trinidade Tobago;-;-;2020
Tunísia;-;-;2020
Turquia;-;-;2020
Tuvalu;2;4;2020
Uruguai;-;-;2020
Vanuatu;18;31;2020
Venezuela;4.086;9.808;2020
Vietnã;86;584;2020
Total;4.409.717;6.078.288;2020
Afeganistão;11;46;2021
África do Sul;-;-;2021
Alemanha, República Democrática;2.698;6.741;2021
Angola;-;-;2021
Anguilla;-;-;2021
Antígua e Barbuda;805;2.268;2021
Antilhas Holandesas;-;-;2021
Argentina;6;13;2021
Aruba;-;-;2021
Austrália;705;4.034;2021
Áustria;-;-;2021
Bahamas;1.083;4.567;2021
Bangladesh;2;20;2021
Barbados;216;844;2021
Barein;302;894;2021
Bélgica;483;3.749;2021
Belice;-;-;2021
Benin;-;-;2021
Bolívia;5.850;8.360;2021
Bósnia-Herzegovina;-;-;2021
Brasil;31;46;2021
Bulgária;-;-;2021
Cabo Verde;16;124;2021
Camarões;-;-;2021
Canadá;1.172;6.157;2021
Catar;1;2;2021
Cayman, Ilhas;104;356;2021
Chile;26;6;2021
China;61.884;264.116;2021
Chipre;1.855;4.530;2021
Cingapura;-;-;2021
Cocos (Keeling), Ilhas;-;-;2021
Colômbia;12.160;21.867;2021
Comores;-;-;2021
Congo;-;-;2021
Coreia, Republica Sul;67;100;2021
Costa do Marfim;-;-;2021
Costa Rica;-;-;2021
Croácia;-;-;2021
Cuba;-;-;2021
Curaçao;32.263;58.993;2021
Dinamarca;87;504;2021
Dominica;460;634;2021
El Salvador;-;-;2021
Emirados Arabes Unidos;810;10.522;2021
Equador;-;-;2021
Eslovaca, Republica;-;-;2021
Espanha;-;-;2021
Estados Unidos;111.085;203.554;2021
Estônia;-;-;2021
Filipinas;2.784;10.368;2021
Finlândia;-;-;2021
França;7.052;23.742;2021
Gana;12.578;19.196;2021
Gibraltar;-;-;2021
Granada;-;-;2021
Grécia;908;3.014;2021
Guatemala;17.347;29.100;2021
Guiana;2.372;6.525;2021
Guiana Francesa;90;32;2021
Guine Bissau;-;-;2021
Guine Equatorial;-;-;2021
Haiti;670.379;831.181;2021
Honduras;-;-;2021
Hong Kong;12.507;39.390;2021
Hungria;87;583;2021
Ilha de Man;97;445;2021
Ilhas Virgens;-;-;2021
India;13;86;2021
Indonésia;-;-;2021
Irã;116;287;2021
Iraque;-;-;2021
Irlanda;36;208;2021
Itália;696;3.715;2021
Jamaica;-;-;2021
Japão;39.491;90.275;2021
Jordânia;-;-;2021
Letônia;-;-;2021
Líbano;-;-;2021
Libéria;7.554;23.060;2021
Luxemburgo;-;-;2021
Malásia;-;-;2021
Malta;3.441;15.454;2021
Marshall, Ilhas;8.644;22.561;2021
Mauritânia;9;85;2021
México;9;2;2021
Moçambique;-;-;2021
Montenegro;14;65;2021
Namibia;-;-;2021
Nicaragua;-;-;2021
Nigéria;68.247;113.172;2021
Noruega;1.878;8.320;2021
Nova Caledônia;7.227;11.924;2021
Nova Zelândia;657;10.477;2021
Omã;-;-;2021
Países Baixos;3.791;8.484;2021
Panamá;29.520;48.444;2021
Paraguai;6.522.527;7.192.362;2021
Peru;9.720;17.107;2021
Polônia;4;14;2021
Porto Rico;-;-;2021
Portugal;6.358;42.633;2021
Quênia;-;-;2021
Reino Unido;25.316;122.394;2021
República Dominicana;-;-;2021
Rússia;181.931;312.926;2021
São Tomé e Príncipe;-;-;2021
São Vicente e Granadinas;8;48;2021
Senegal;-;-;2021
Serra Leoa;6.525;12.955;2021
Singapura;4.504;14.346;2021
Suazilândia;10;24;2021
Suécia;23;74;2021
Suíça;627;6.999;2021
Suriname;900;1.472;2021
Tailândia;1.334;2.529;2021
Taiwan (FORMOSA);1.313;8.153;2021
Tanzânia;-;-;2021
Tcheca, República;456;5.988;2021
Togo;1.890;2.012;2021
Trinidade Tobago;-;-;2021
Tunísia;-;-;2021
Turquia;343;878;2021
Tuvalu;-;-;2021
Uruguai;136.774;149.842;2021
Vanuatu;-;-;2021
Venezuela;26.415;35.944;2021
Vietnã;-;-;2021
Total;8.058.704;9.851.942;2021
Afeganistão;-;-;2022
África do Sul;-;-;2022
Alemanha, República Democrática;7.630;45.367;2022
Angola;4.068;4.761;2022
Anguilla;-;-;2022
Antígua e Barbuda;419;1.866;2022
Antilhas Holandesas;-;-;2022
Argentina;480;3.232;2022
Aruba;-;-;2022
Austrália;1.424;12.299;2022
Áustria;6;212;2022
Bahamas;1.215;5.799;2022
Bangladesh;7;84;2022
Barbados;220;1.145;2022
Barein;979;2.789;2022
Bélgica;828;6.145;2022
Belice;-;-;2022
Benin;-;-;2022
Bolívia;32.530;49.011;2022
Bósnia-Herzegovina;-;-;2022
Brasil;2.504;952;2022
Bulgária;5;31;2022
Cabo Verde;-;-;2022
Camarões;-;-;2022
Canadá;1.183;5.784;2022
Catar;-;-;2022
Cayman, Ilhas;160;958;2022
Chile;2.094;7.986;2022
China;105.395;404.647;2022
Chipre;1.521;4.458;2022
Cingapura;-;-;2022
Cocos (Keeling), Ilhas;26;60;2022
Colômbia;8.217;14.068;2022
Comores;-;-;2022
Congo;-;-;2022
Coreia, Republica Sul;77;257;2022
Costa do Marfim;-;-;2022
Costa Rica;-;-;2022
Croácia;34;484;2022
Cuba;16;6;2022
Curaçao;40.673;66.950;2022
Dinamarca;2;6;2022
Dominica;1.485;2.223;2022
El Salvador;-;-;2022
Emirados Arabes Unidos;4.781;85.465;2022
Equador;135;210;2022
Eslovaca, Republica;-;-;2022
Espanha;-;-;2022
Estados Unidos;220.373;447.893;2022
Estônia;-;-;2022
Filipinas;375;790;2022
Finlândia;-;-;2022
França;5.694;25.008;2022
Gana;35.949;49.304;2022
Gibraltar;-;-;2022
Granada;5.610;7.914;2022
Grécia;920;2.426;2022
Guatemala;1.283;5.350;2022
Guiana;2.064;5.823;2022
Guiana Francesa;22;18;2022
Guine Bissau;-;-;2022
Guine Equatorial;-;-;2022
Haiti;553.503;741.014;2022
Honduras;-;-;2022
Hong Kong;9.371;38.218;2022
Hungria;-;-;2022
Ilha de Man;165;641;2022
Ilhas Virgens;-;-;2022
India;247;1.021;2022
Indonésia;-;-;2022
Irã;47;90;2022
Iraque;-;-;2022
Irlanda;-;-;2022
Itália;1.129;6.151;2022
Jamaica;-;-;2022
Japão;37.324;82.208;2022
Jordânia;-;-;2022
Letônia;-;-;2022
Líbano;-;-;2022
Libéria;9.145;34.815;2022
Luxemburgo;36;802;2022
Malásia;-;-;2022
Malta;3.127;15.587;2022
Marshall, Ilhas;7.240;27.178;2022
Mauritânia;-;-;2022
México;6;33;2022
Moçambique;383;1.927;2022
Montenegro;-;-;2022
Namibia;-;-;2022
Nicaragua;-;-;2022
Nigéria;32.234;50.283;2022
Noruega;2.711;40.316;2022
Nova Caledônia;-;-;2022
Nova Zelândia;63;156;2022
Omã;194;670;2022
Países Baixos;7.034;37.240;2022
Panamá;11.490;49.392;2022
Paraguai;5.076.670;7.156.293;2022
Peru;-;-;2022
Polônia;-;-;2022
Porto Rico;-;-;2022
Portugal;1.918;7.613;2022
Quênia;1.440;2.080;2022
Reino Unido;18.835;138.154;2022
República Dominicana;-;-;2022
Rússia;66.046;118.618;2022
São Tomé e Príncipe;-;-;2022
São Vicente e Granadinas;20;51;2022
Senegal;-;-;2022
Serra Leoa;8.101;15.182;2022
Singapura;4.322;15.434;2022
Suazilândia;-;-;2022
Suécia;5;18;2022
Suíça;1.584;20.863;2022
Suriname;1.225;3.360;2022
Tailândia;432;1.713;2022
Taiwan (FORMOSA);25;277;2022
Tanzânia;-;-;2022
Tcheca, República;1.305;9.997;2022
Togo;17.317;25.608;2022
Trinidade Tobago;-;-;2022
Tunísia;-;-;2022
Turquia;418;503;2022
Tuvalu;-;-;2022
Uruguai;637.117;997.367;2022
Vanuatu;-;-;2022
Venezuela;23.220;32.351;2022
Vietnã;130;277;2022
Total;7.025.983;10.945.282;2022
Afeganistão;-;-;2023
África do Sul;-;-;2023
Alemanha, República Democrática;7.630;45.367;2023
Angola;4.068;4.761;2023
Anguilla;-;-;2023
Antígua e Barbuda;419;1.866;2023
Antilhas Holandesas;-;-;2023
Argentina;480;3.232;2023
Aruba;-;-;2023
Austrália;1.424;12.299;2023
Áustria;6;212;2023
Bahamas;1.215;5.799;2023
Bangladesh;7;84;2023
Barbados;220;1.145;2023
Barein;979;2.789;2023
Bélgica;828;6.145;2023
Belice;-;-;2023
Benin;-;-;2023
Bolívia;32.530;49.011;2023
Bósnia-Herzegovina;-;-;2023
Brasil;2.504;952;2023
Bulgária;5;31;2023
Cabo Verde;-;-;2023
Camarões;-;-;2023
Canadá;1.183;5.784;2023
Catar;-;-;2023
Cayman, Ilhas;160;958;2023
Chile;2.094;7.986;2023
China;105.395;404.647;2023
Chipre;1.521;4.458;2023
Cingapura;-;-;2023
Cocos (Keeling), Ilhas;26;60;2023
Colômbia;8.217;14.068;2023
Comores;-;-;2023
Congo;-;-;2023
Coreia, Republica Sul;77;257;2023
Costa do Marfim;-;-;2023
Costa Rica;-;-;2023
Croácia;34;484;2023
Cuba;16;6;2023
Curaçao;40.673;66.950;2023
Dinamarca;2;6;2023
Dominica;1.485;2.223;2023
El Salvador;-;-;2023
Emirados Arabes Unidos;4.781;85.465;2023
Equador;135;210;2023
Eslovaca, Republica;-;-;2023
Espanha;-;-;2023
Estados Unidos;220.373;447.893;2023
Estônia;-;-;2023
Filipinas;375;790;2023
Finlândia;-;-;2023
França;5.694;25.008;2023
Gana;35.949;49.304;2023
Gibraltar;-;-;2023
Granada;5.610;7.914;2023
Grécia;920;2.426;2023
Guatemala;1.283;5.350;2023
Guiana;2.064;5.823;2023
Guiana Francesa;22;18;2023
Guine Bissau;-;-;2023
Guine Equatorial;-;-;2023
Haiti;553.503;741.014;2023
Honduras;-;-;2023
Hong Kong;9.371;38.218;2023
Hungria;-;-;2023
Ilha de Man;165;641;2023
Ilhas Virgens;-;-;2023
India;247;1.021;2023
Indonésia;-;-;2023
Irã;47;90;2023
Iraque;-;-;2023
Irlanda;-;-;2023
Itália;1.129;6.151;2023
Jamaica;-;-;2023
Japão;37.324;82.208;2023
Jordânia;-;-;2023
Letônia;-;-;2023
Líbano;-;-;2023
Libéria;9.145;34.815;2023
Luxemburgo;36;802;2023
Malásia;-;-;2023
Malta;3.127;15.587;2023
Marshall, Ilhas;7.240;27.178;2023
Mauritânia;-;-;2023
México;6;33;2023
Moçambique;383;1.927;2023
Montenegro;-;-;2023
Namibia;-;-;2023
Nicaragua;-;-;2023
Nigéria;32.234;50.283;2023
Noruega;2.711;40.316;2023
Nova Caledônia;-;-;2023
Nova Zelândia;63;156;2023
Omã;194;670;2023
Países Baixos;7.034;37.240;2023
Panamá;11.490;49.392;2023
Paraguai;5.076.670;7.156.293;2023
Peru;-;-;2023
Polônia;-;-;2023
Porto Rico;-;-;2023
Portugal;1.918;7.613;2023
Quênia;1.440;2.080;2023
Reino Unido;18.835;138.154;2023
República Dominicana;-;-;2023
Rússia;66.046;118.618;2023
São Tomé e Príncipe;-;-;2023
São Vicente e Granadinas;20;51;2023
Senegal;-;-;2023
Serra Leoa;8.101;15.182;2023
Singapura;4.322;15.434;2023
Suazilândia;-;-;2023
Suécia;5;18;2023
Suíça;1.584;20.863;2023
Suriname;1.225;3.360;2023
Tailândia;432;1.713;2023
Taiwan (FORMOSA);25;277;2023
Tanzânia;-;-;2023
Tcheca, República;1.305;9.997;2023
Togo;17.317;25.608;2023
Trinidade Tobago;-;-;2023
Tunísia;-;-;2023
Turquia;418;503;2023
Tuvalu;-;-;2023
Uruguai;637.117;997.367;2023
Vanuatu;-;-;2023
Venezuela;23.220;32.351;2023
Vietnã;130;277;2023
Total;7.025.983;10.945.282;2023
